# 优化查询(四)
## count的优化
```
mysql> select count(*) from world.City where id >5;
mysql> select (select count(*) from world.City) - count(*)
    -> from wolrd.city where id <=5;
```
对于MyISAM来说,select count(*) from table 是非常快的,但是如果使用了where语句,速度和其他的就没啥区别了
我们可以查它相反的数据,然后用总的数据相减,这样就可以了.

对于这样的场景:在同一个查询中统计同一个列的不同值的数量,可以如下进行
```
mysql> select sum(if(color='blue',1,0)) as blue ,sum(if(color='rea',1,0)) as
    -> red from items;

```
通过count也可以,修改成如下:
```
mysql> select count(color='blue' or null) as blue,count(color='rea' or null)
    -> as red from items;
```
## 优化关联查询
![](_v_images/20190509093345929_1098279023.png =660x)

## group by和distinct
```
select actor.first_name,actor.last_name,count(*)
from sakila.film_actor 
inner join sakila.actor using(actor_id) 
group by actor.first_name,actor.last_name;
```
通常是通过表的标识列进行分组,上面的first_name和last_name可以标识一个人.但是下面的查询会更好
```
mysql> select actor.first_name,actor.last_name,count(*)
    -> from sakila.film_actor
    -> inner join sakila.actor using(actor_id)
    -> group by film_actor.actor_id;
```
并不是所有的group by都能够才有非分组列

```
mysql> select actor.first_name,actor.last_name,c.cnt
    -> from sakila.actor
    -> inner join(
    ->   select actor_id,count(*) as cnt 
    ->   from sakila.film_actor 
    ->   group by actor_id)
    -> as c using(actor_id);

```
这样写是最符合逻辑的,但是创建和填充临时表.

## limit优化
```
mysql> select film_id,description from sakila.film order by title limit 50,5; 
+---------+---------------------------------------------------------------------------------------------------------------------------------+
| film_id | description                                                                                                                     |
+---------+---------------------------------------------------------------------------------------------------------------------------------+
|      51 | A Insightful Panorama of a Forensic Psychologist And a Mad Cow who must Build a Mad Scientist in The First Manned Space Station |
|      52 | A Thrilling Documentary of a Composer And a Monkey who must Find a Feminist in California                                       |
|      53 | A Epic Drama of a Madman And a Cat who must Face a A Shark in An Abandoned Amusement Park                                       |
|      54 | A Awe-Inspiring Drama of a Car And a Pastry Chef who must Chase a Crocodile in The First Manned Space Station                   |
|      55 | A Awe-Inspiring Story of a Feminist And a Cat who must Conquer a Dog in A Monastery                                             |
+---------+---------------------------------------------------------------------------------------------------------------------------------+
5 rows in set (0.00 sec)

mysql> select film.film_id,film.description
    -> from sakila.film
    ->  inner join(
    ->   select film_id from sakila.film order by title limit 50,5)
    -> as lim using(film_id);
+---------+---------------------------------------------------------------------------------------------------------------------------------+
| film_id | description                                                                                                                     |
+---------+---------------------------------------------------------------------------------------------------------------------------------+
|      51 | A Insightful Panorama of a Forensic Psychologist And a Mad Cow who must Build a Mad Scientist in The First Manned Space Station |
|      52 | A Thrilling Documentary of a Composer And a Monkey who must Find a Feminist in California                                       |
|      53 | A Epic Drama of a Madman And a Cat who must Face a A Shark in An Abandoned Amusement Park                                       |
|      54 | A Awe-Inspiring Drama of a Car And a Pastry Chef who must Chase a Crocodile in The First Manned Space Station                   |
|      55 | A Awe-Inspiring Story of a Feminist And a Cat who must Conquer a Dog in A Monastery                                             |
+---------+---------------------------------------------------------------------------------------------------------------------------------+
5 rows in set (0.00 sec)
```
首先通过limit扫描更少了列,然后再用另一个循环来扫描.
在limit中offset和limit中,其实就是offset的问题,因为如果offset太大,就会有太多没有用的页被扫描
![](_v_images/20190509101240859_101324812.png =660x)

## 使用用户自定义的变量
```
mysql> select actor_id,
    ->   @curr_cnt:=cnt as cnt,
    ->   @rank :=if(@pre_cnt <> @curr_cnt,@rank+1,@rank) as rank,
    ->   @pre_cnt:=@curr_cnt as dummy
    -> from (
    ->   select actor_id,count(*) as cnt
    ->   from sakila.film_actor
    ->   group by actor_id
    ->   order by cnt desc
    ->   limit 10)as der;
+----------+-----+------+-------+
| actor_id | cnt | rank | dummy |
+----------+-----+------+-------+
|      107 |  42 |    1 |    42 |
|      102 |  41 |    2 |    41 |
|      198 |  40 |    3 |    40 |
|      181 |  39 |    4 |    39 |
|       23 |  37 |    5 |    37 |
|       81 |  36 |    6 |    36 |
|      106 |  35 |    7 |    35 |
|       60 |  35 |    7 |    35 |
|       13 |  35 |    7 |    35 |
|      158 |  35 |    7 |    35 |
+----------+-----+------+-------+
10 rows in set (0.00 sec)
```
完成了排名的功能,然后就是客户想要知道最近的一次更新数据的时间,
```
mysql> update t set lastUpdated=now() where id = 1 and @now:=now();
Query OK, 1 row affected (0.01 sec)
Rows matched: 1  Changed: 1  Warnings: 0
mysql> select @now;
+---------------------+
| @now                |
+---------------------+
| 2019-05-09 10:34:32 |
+---------------------+
1 row in set (0.00 sec)
```
select @now并不是查找的表,而是一个变量,会非常快.
```
mysql> create table t1( c1 int not null, c2 int not null,primary key(c1))engine=innodb;
Query OK, 0 rows affected (0.06 sec)

mysql> insert into t1(c1,c2) values(4,4),(2,1),(3,1) on duplicate key update   c1=values(c1)+(0*(@x:=@x+1));
Query OK, 3 rows affected (0.01 sec)
Records: 3  Duplicates: 0  Warnings: 0

mysql> insert into t1(c1,c2) values(4,4),(2,1),(3,1) on duplicate key update   c1=values(c1)+(0*(@x:=@x+1));
Query OK, 0 rows affected (0.00 sec)
Records: 3  Duplicates: 0  Warnings: 0

mysql> select @x
    -> ;
+------+
| @x   |
+------+
|    3 |
+------+
1 row in set (0.00 sec)
```
当发生冲突时,就去更新x值.

```
mysql> select actor_id,@rownum:=@rownum+1 as cnt
    -> from sakila.actor
    -> where @rownum<=1;
+----------+------+
| actor_id | cnt  |
+----------+------+
|       58 |    1 |
|       92 |    2 |
+----------+------+
2 rows in set (0.00 sec)

mysql> set @rownum:=0;
Query OK, 0 rows affected (0.00 sec)

mysql> select actor_id,@rownum:=@rownum+1 as cnt from sakila.actor where @rownum<=1 order by first_name;
返回全部的值
```
order by进行了文件排序,where语句在order by之前执行,会返回全部的值,如果向要按照题目的意思来只是返回一行.
要赋值和取值在同一个阶段进行
```
mysql> select actor_id,@rownum as rownum
    -> from sakila.actor
    -> where (@rownum:=@rownum+1)<=1;
+----------+--------+
| actor_id | rownum |
+----------+--------+
|       58 |      1 |
+----------+--------+
1 row in set (0.01 sec)
```
如果要使用order by语句
```
mysql> select actor_id,first_name,@rownum as rownum
    -> from sakila.actor
    -> where @rownum<=1
    -> order by first_name,least(0,@rownum:=@rownum+1);
+----------+------------+--------+
| actor_id | first_name | rownum |
+----------+------------+--------+
|        2 | NICK       |      2 |
|        1 | PENELOPE   |      1 |
+----------+------------+--------+
2 rows in set (0.00 sec)
```
union的偷懒方法
```
select greatest(@found:=-1,id) as id ,'users' as which_tb1
from users where id = 1
union all
  select id,'users_archived'
  from users_archived where id =1 and @found is null
union all
  select 1,'reset' from dual where (@found:=null) is not null;
                                                             
```